,Código IBGE do Município,Código da Unidade da Federação,Sigla da Unidade da Federação,Nome das Grandes Regiões,Código IBGE da Mesoregião,Nome da Mesoregião,Código IBGE da Microregião,Nome da Microregião,Área da unidade territorial,Estabelecimentos de Saúde SUS,Índice de Desenvolvimento Humano Municipal - 2010 (IDHM 2010),Matrícula - Ensino fundamental - 2012,Matrícula - Ensino médio - 2012,Número de unidades locais,Pessoal ocupado total,PIB per capita a preços correntes,População residente,População residente - Homens,População residente - Mulheres,População residente alfabetizada,População residente que frequentava creche ou escola,"População residente, religião católica apostólica romana","População residente, religião espírita","População residente, religião evangélicas",Valor do rendimento nominal mediano mensal per capita dos domicílios particulares permanentes - Rural,Valor do rendimento nominal mediano mensal per capita dos domicílios particulares permanentes - Urbana,"Valor do rendimento nominal médio mensal dos domicílios particulares permanentes com rendimento domiciliar, por situação do domicílio - Rural","Valor do rendimento nominal médio mensal dos domicílios particulares permanentes com rendimento domiciliar, por situação do domicílio - Urbana"
0,230010,23,CE,Nordeste,2307,Sul Cearense,23033,Brejo Santo,178.83,6,0.628,1429,412,87,878,3429.72,10496,5210,5286,7039,3379,9751,.,656,180,204.0,889.05,862.19
1,230015,23,CE,Nordeste,2302,Norte Cearense,23013,BaturitÚ,155.684,14,0.606,2111,377,175,1941,4454.17,15338,7571,7767,11147,4602,10612,52,3384,204,237.13,869.43,1066.93
2,230020,23,CE,Nordeste,2301,Noroeste Cearense,23001,Litoral de Camocim e Acara·,842.559,24,0.601,10610,2672,591,3721,5378.51,57551,29102,28449,38544,19201,47630,59,7537,128.4,196.67,721.53,1302.99
3,230030,23,CE,Nordeste,2304,Sert§es Cearenses,23021,SertÒo de Senador Pompeu,2265.349,21,0.595,7649,1990,638,3169,4025.94,51160,25624,25536,32346,16054,46001,12,3726,125.25,255.0,606.82,1216.29
4,230040,23,CE,Nordeste,2304,Sert§es Cearenses,23020,SertÒo de Inhamuns,2434.423,7,0.569,2701,554,129,651,3347.78,16203,8117,8086,10190,5354,14995,.,939,116.67,280.0,661.84,1014.06
5,230050,23,CE,Nordeste,2301,Noroeste Cearense,23004,Meruoca,138.605,7,0.6,1986,461,67,945,3506.59,10771,5314,5457,7371,3832,10205,.,357,177.5,300.0,780.08,1233.82
6,230060,23,CE,Nordeste,2307,Sul Cearense,23030,Caririaþu,73.296,9,0.602,1242,373,68,637,3590.4,6856,3317,3539,4496,2352,6364,14,377,107.33,200.0,651.76,861.05
7,230070,23,CE,Nordeste,2305,Jaguaribe,23023,Baixo Jaguaribe,1338.205,12,0.601,2330,520,257,1442,4712.45,16359,8217,8142,10781,4987,14798,92,912,161.25,298.67,715.87,1215.86
8,230075,23,CE,Nordeste,2302,Norte Cearense,23008,Itapipoca,1179.038,13,0.606,7547,2628,321,2609,4669.02,39232,20356,18876,26334,14822,32439,.,5260,85.4,216.67,574.36,1035.8
9,230080,23,CE,Nordeste,2306,Centro-Sul Cearense,23027,Vßrzea Alegre,260.104,4,0.599,1463,314,128,579,4058.28,6984,3344,3640,4482,2383,6392,6,378,127.5,250.0,599.92,945.82
10,230090,23,CE,Nordeste,2302,Norte Cearense,23011,MÚdio Curu,545.158,17,0.618,2118,792,168,903,3756.2,13925,7072,6853,9535,4850,13028,43,744,136.67,238.83,660.47,1042.07
11,230100,23,CE,Nordeste,2303,Metropolitana de Fortaleza,23016,Fortaleza,482.573,46,0.641,11886,3211,1166,14422,9395.2,72628,37130,35498,53489,21656,54173,224,11987,190,263.25,794.28,1334.4
12,230110,23,CE,Nordeste,2305,Jaguaribe,23022,Litoral de Aracati,1228.058,73,0.655,10333,3705,1269,10444,8108.85,69159,34147,35012,50869,20802,54901,599,10396,176,300.0,788.42,1482.96
13,230120,23,CE,Nordeste,2302,Norte Cearense,23013,BaturitÚ,656.597,17,0.615,4389,1212,345,2217,4226.87,25391,12788,12603,16778,8017,22238,.,2497,161.56,240.71,785.28,1027.86
14,230125,23,CE,Nordeste,2304,Sert§es Cearenses,23018,SertÒo de CratÚus,344.131,5,0.59,1916,455,239,764,3705.4,10491,5180,5311,6494,3250,9316,5,688,143.33,200.0,614.46,806.54
15,230130,23,CE,Nordeste,2307,Sul Cearense,23029,Chapada do Araripe,1099.933,14,0.564,4503,687,231,1173,4312.58,20685,10292,10393,13010,7372,19177,.,1183,95.25,186.67,574.88,824.5
16,230140,23,CE,Nordeste,2302,Norte Cearense,23013,BaturitÚ,114.785,12,0.622,2508,731,124,1169,5246.55,11529,5823,5706,8196,4278,9873,6,1466,170,253.33,775.42,1069.78
17,230150,23,CE,Nordeste,2304,Sert§es Cearenses,23020,SertÒo de Inhamuns,1066.362,5,0.618,1311,280,98,643,4436.25,7650,3850,3800,5008,2760,7078,4,515,140,260.0,850.41,1117.79
18,230160,23,CE,Nordeste,2307,Sul Cearense,23029,Chapada do Araripe,1116.33,10,0.6,4024,997,284,1740,3882.81,22445,11080,11365,14642,7395,20092,43,1821,150,255.0,643.83,1279.89
19,230170,23,CE,Nordeste,2307,Sul Cearense,23031,Barro,885.836,19,0.605,4185,1026,262,1359,3994.75,24566,12224,12342,16730,7478,23236,.,955,147.5,255.0,676.82,1094.59
20,230180,23,CE,Nordeste,2306,Centro-Sul Cearense,23028,Lavras da Mangabeira,146.433,2,0.627,1000,262,85,485,4152.24,6026,3055,2971,4272,1825,5451,.,463,190.67,270.0,786.72,1054.94
21,230185,23,CE,Nordeste,2304,Sert§es Cearenses,23019,SertÒo de Quixeramobim,1080.329,13,0.606,3130,912,149,1213,4794.43,17315,8737,8578,11177,6245,15081,36,1442,122,251.67,602.67,1141.85
22,230190,23,CE,Nordeste,2307,Sul Cearense,23032,Cariri,569.508,52,0.683,9956,2529,766,8591,8206.34,55323,26904,28419,41276,19436,51312,106,2630,200,303.33,1039.13,1528.88
23,230195,23,CE,Nordeste,2302,Norte Cearense,23014,Chorozinho,245.805,18,0.616,3659,1008,247,1403,4484.27,19573,9736,9837,13388,6041,14699,6,4003,163,254.0,693.77,1162.51
24,230200,23,CE,Nordeste,2307,Sul Cearense,23031,Barro,711.887,14,0.599,3424,1377,163,1533,4110.35,21514,10627,10887,15374,6576,19944,19,1233,141.25,255.0,665.21,1063.38
25,230205,23,CE,Nordeste,2301,Noroeste Cearense,23001,Litoral de Camocim e Acara·,383.405,6,0.571,3044,985,157,1136,4386.45,14476,7321,7155,9135,5558,12370,.,1298,80.5,170.0,550.82,866.33
26,230210,23,CE,Nordeste,2302,Norte Cearense,23013,BaturitÚ,308.58,20,0.619,5922,1500,685,3628,4984.01,33321,16396,16925,23922,10865,30209,37,2103,166.6,255.0,733.6,1156.11
27,230220,23,CE,Nordeste,2302,Norte Cearense,23015,Cascavel,1623.891,63,0.638,8924,2344,572,4498,5111.14,49311,24857,24454,34669,15381,38600,194,8159,187.5,260.0,774.99,1503.08
28,230230,23,CE,Nordeste,2301,Noroeste Cearense,23001,Litoral de Camocim e Acara·,843.021,16,0.623,4636,1662,466,2200,3901.95,30878,15701,15177,21073,10469,28918,34,1503,115.5,240.0,664.89,1110.4
29,230240,23,CE,Nordeste,2304,Sert§es Cearenses,23019,SertÒo de Quixeramobim,2836.783,28,0.598,9556,2175,915,3665,4391.59,52498,26340,26158,33795,16982,45466,121,5478,116.67,255.0,591.02,1139.37
30,230250,23,CE,Nordeste,2307,Sul Cearense,23033,Brejo Santo,663.426,38,0.647,7171,1954,719,4290,5301.31,45193,21918,23275,32359,15188,41780,36,2310,185,261.5,907.56,1414.32
31,230260,23,CE,Nordeste,2301,Noroeste Cearense,23001,Litoral de Camocim e Acara·,1124.782,27,0.62,11144,3462,1032,6820,5292.23,60158,29770,30388,41479,19996,50032,79,6477,104.91,204.67,582.67,1186.62
32,230270,23,CE,Nordeste,2307,Sul Cearense,23029,Chapada do Araripe,1082.769,19,0.63,4700,1355,409,1813,4368.34,26506,12706,13800,17799,9428,24344,75,1335,123.33,255.0,606.61,1229.71
33,230280,23,CE,Nordeste,2302,Norte Cearense,23012,CanindÚ,3218.481,41,0.612,13627,3418,1072,6469,4860.64,74473,36912,37561,52456,26353,67197,223,5440,114,243.33,674.53,1264.81
34,230290,23,CE,Nordeste,2302,Norte Cearense,23013,BaturitÚ,222.55,13,0.611,2914,994,187,1084,3720.37,17062,8638,8424,11364,5797,14692,.,1982,127.5,218.4,658.08,1041.44
35,230300,23,CE,Nordeste,2302,Norte Cearense,23012,CanindÚ,846.505,13,0.592,3262,504,133,1266,3691.44,20020,10124,9896,13759,6732,18069,.,1323,136,178.0,676.58,959.93
36,230310,23,CE,Nordeste,2301,Noroeste Cearense,23005,Sobral,756.875,14,0.596,2872,758,129,1022,4028.02,18347,9142,9205,12453,6482,16696,5,1087,146.67,225.2,659.97,1011.84
37,230320,23,CE,Nordeste,2307,Sul Cearense,23030,Caririaþu,623.564,42,0.578,5120,1250,288,1419,3603.18,26393,12812,13581,16969,9247,25377,12,719,155.5,255.0,740.54,1063.79
38,230330,23,CE,Nordeste,2306,Centro-Sul Cearense,23027,Vßrzea Alegre,1061.803,12,0.597,2700,607,157,952,3624.09,18567,9334,9233,12260,5244,15768,.,2011,160,255.0,671.79,1005.24
39,230340,23,CE,Nordeste,2301,Noroeste Cearense,23002,Ibiapaba,364.805,14,0.593,3047,805,217,1063,4319.13,16746,8347,8399,11077,6112,15719,5,630,123.5,226.4,611.5,1068.01
40,230350,23,CE,Nordeste,2302,Norte Cearense,23015,Cascavel,837.325,46,0.646,11029,3599,1118,9773,6762.09,66142,32887,33255,47963,20988,52856,169,10862,175,255.0,776.63,1161.48
41,230360,23,CE,Nordeste,2304,Sert§es Cearenses,23020,SertÒo de Inhamuns,486.864,10,0.618,1729,461,168,929,3168.52,18745,9302,9443,12535,4938,16455,119,1403,138,255.0,639.17,1228.47
42,230365,23,CE,Nordeste,2301,Noroeste Cearense,23007,Santa QuitÚria,790.705,7,0.609,1634,550,81,676,4467.63,9952,5033,4919,6564,3545,9033,23,656,144.5,185.2,671.16,969.81
43,230370,23,CE,Nordeste,2303,Metropolitana de Fortaleza,23016,Fortaleza,1228.506,52,0.682,52831,14313,3302,32949,7998.82,325441,159598,165843,256573,109541,212363,1363,79627,207.33,295.0,982.64,1449.04
44,230380,23,CE,Nordeste,2306,Centro-Sul Cearense,23026,Iguatu,725.798,26,0.627,4140,1250,364,2026,4336.46,24527,12108,12419,16668,8194,20969,40,2826,170,270.0,757.7,1304.43
45,230390,23,CE,Nordeste,2301,Noroeste Cearense,23001,Litoral de Camocim e Acara·,238.234,6,0.586,2340,735,140,1934,4139.32,12615,6194,6421,7991,4559,10984,5,1000,97.5,185.0,697.32,889.93
46,230393,23,CE,Nordeste,2304,Sert§es Cearenses,23019,SertÒo de Quixeramobim,815.77,8,0.585,2308,696,117,724,3567.84,12853,6586,6267,8133,4929,11360,6,1293,104,170.0,603.15,907.92
47,230395,23,CE,Nordeste,2302,Norte Cearense,23014,Chorozinho,278.413,13,0.604,3399,882,258,2163,4773.93,18915,9600,9315,12495,6017,14508,5,3547,170,255.0,783.49,1119.6
48,230400,23,CE,Nordeste,2301,Noroeste Cearense,23003,Corea·,775.796,12,0.61,4055,1058,197,1134,3777.49,21954,10944,11010,13512,7233,20216,.,1022,102.4,222.0,546.72,902.39
49,230410,23,CE,Nordeste,2304,Sert§es Cearenses,23018,SertÒo de CratÚus,2985.143,34,0.644,11762,3363,1562,6388,5279.2,72812,35509,37303,51019,21889,59449,168,6896,143.33,270.0,637.67,1500.79
50,230420,23,CE,Nordeste,2307,Sul Cearense,23032,Cariri,1176.467,54,0.713,19821,6602,2421,19444,6968.67,121428,57616,63812,95259,42529,107122,1181,9505,200,328.57,914.5,1828.66
51,230423,23,CE,Nordeste,2301,Noroeste Cearense,23002,Ibiapaba,696.984,8,0.59,3006,969,219,956,4393.38,17069,8328,8741,10703,6223,16087,.,674,96.67,170.0,539.49,722.42
52,230425,23,CE,Nordeste,2301,Noroeste Cearense,23001,Litoral de Camocim e Acara·,329.945,12,0.632,4242,1431,536,1730,4182.83,22479,11091,11388,16172,7585,19708,15,2068,155.5,255.0,869.1,1260.36
53,230426,23,CE,Nordeste,2304,Sert§es Cearenses,23021,SertÒo de Senador Pompeu,470.425,8,0.609,1380,359,107,1057,4049.44,9095,4562,4533,5953,2721,8416,.,614,170,255.0,672.46,897.47
54,230427,23,CE,Nordeste,2305,Jaguaribe,23025,Serra do Pereiro,382.707,7,0.61,1029,239,63,588,4181.68,6840,3428,3412,4448,1979,6492,2,270,181.33,242.0,822.09,968.12
55,230428,23,CE,Nordeste,2303,Metropolitana de Fortaleza,23016,Fortaleza,79.005,26,0.701,8658,2337,1631,34252,27616.33,46033,22951,23082,36490,15725,30267,451,11063,.,300.0,.,2269.75
56,230430,23,CE,Nordeste,2307,Sul Cearense,23030,Caririaþu,503.622,15,0.633,3149,1027,263,1373,3894.48,19007,9329,9678,13095,6353,17143,.,1398,115,261.67,618.6,1065.7
57,230435,23,CE,Nordeste,2301,Noroeste Cearense,23005,Sobral,516.993,12,0.644,3441,1455,284,1993,4487.55,21786,10786,11000,15422,7640,16609,61,3608,223,255.0,974.83,1135.66
58,230440,23,CE,Nordeste,2303,Metropolitana de Fortaleza,23016,Fortaleza,314.93,187,0.754,342920,111887,68168,839478,15161.47,2452185,1147918,1304267,2092409,783911,1664521,31691,523456,.,450.0,.,2907.21
59,230445,23,CE,Nordeste,2305,Jaguaribe,23022,Litoral de Aracati,278.765,11,0.624,2473,575,171,1315,5261.69,14817,7456,7361,10263,4568,11190,33,2378,186.67,237.56,853.92,1023.87
60,230450,23,CE,Nordeste,2301,Noroeste Cearense,23003,Corea·,181.24,6,0.604,2589,510,220,1680,4864.4,12991,6378,6613,8305,4495,10395,4,1164,124.75,255.0,556.42,1085.83
61,230460,23,CE,Nordeste,2302,Norte Cearense,23011,MÚdio Curu,205.81,9,0.568,1556,391,72,595,4640.03,6218,3164,3054,3958,2196,5611,3,474,152.5,232.2,781.27,1115.88
62,230465,23,CE,Nordeste,2301,Noroeste Cearense,23005,Sobral,281.872,9,0.57,2658,725,113,937,3710.49,15049,7439,7610,9605,5597,13585,8,951,120,242.67,598.65,849.09
63,230470,23,CE,Nordeste,2301,Noroeste Cearense,23001,Litoral de Camocim e Acara·,2697.221,13,0.559,10652,2920,394,3492,3639.28,52645,26714,25931,30968,19579,45714,11,2073,57.4,162.5,558.83,919.71
64,230480,23,CE,Nordeste,2307,Sul Cearense,23030,Caririaþu,100.127,7,0.585,994,220,55,267,4228.18,4629,2263,2366,3093,1641,4462,.,138,154.75,287.25,786.38,1130.98
65,230490,23,CE,Nordeste,2301,Noroeste Cearense,23005,Sobral,155.946,5,0.633,1677,599,157,641,3956.02,10228,5045,5183,7419,3334,8853,9,1124,192.67,285.0,823.1,1123.19
66,230495,23,CE,Nordeste,2303,Metropolitana de Fortaleza,23016,Fortaleza,267.128,11,0.617,3944,1168,194,2989,4177.73,24091,12139,11952,17298,7876,20470,17,2676,130,210.0,631.13,989.38
67,230500,23,CE,Nordeste,2301,Noroeste Cearense,23002,Ibiapaba,611.464,20,0.609,7936,2284,631,3309,5604.33,37775,18660,19115,25680,13743,33691,6,3449,150.83,238.0,745.41,1139.39
68,230510,23,CE,Nordeste,2302,Norte Cearense,23013,BaturitÚ,59.436,8,0.637,1098,290,112,837,7241.84,4164,2099,2065,3249,1320,3407,.,337,234.67,250.0,981.25,1209.83
69,230520,23,CE,Nordeste,2301,Noroeste Cearense,23007,Santa QuitÚria,966.853,9,0.597,3272,868,371,1524,4647.91,19325,9626,9699,12994,6757,15973,4,2176,134,255.0,602.73,1011.54
70,230523,23,CE,Nordeste,2303,Metropolitana de Fortaleza,23017,Pacajus,159.98,20,0.658,10258,2616,677,20043,18052.72,55187,27532,27655,42369,16057,38515,122,11614,186.67,277.33,974.99,1166.09
71,230526,23,CE,Nordeste,2304,Sert§es Cearenses,23019,SertÒo de Quixeramobim,877.257,8,0.577,2423,601,123,1131,3682.2,12922,6667,6255,7903,4490,10750,.,1590,127.5,217.33,673.43,1005.3
72,230530,23,CE,Nordeste,2301,Noroeste Cearense,23002,Ibiapaba,414.938,15,0.608,4057,1125,292,1421,6061.15,23808,11933,11875,16786,8446,22009,.,1226,170,255.0,813.68,1164.86
73,230533,23,CE,Nordeste,2305,Jaguaribe,23023,Baixo Jaguaribe,424.245,10,0.606,2042,694,103,1222,4000.43,11335,5865,5470,7449,3547,9730,5,1136,101.67,203.0,534.75,877.34
74,230535,23,CE,Nordeste,2305,Jaguaribe,23022,Litoral de Aracati,423.448,11,0.616,2965,694,169,3182,10414.69,18392,9414,8978,12665,5627,12963,27,3720,200,286.67,899.05,1185.79
75,230540,23,CE,Nordeste,2306,Centro-Sul Cearense,23026,Iguatu,1871.996,29,0.606,11193,2081,988,5832,4389.96,65456,31881,33575,40251,20578,56503,22,7072,155.75,270.4,692.34,1368.83
76,230550,23,CE,Nordeste,2306,Centro-Sul Cearense,23026,Iguatu,1029.214,55,0.677,13738,4017,1971,14553,7906.82,96495,46425,50070,69060,26492,80641,157,11146,174,340.0,767.16,1671.72
77,230560,23,CE,Nordeste,2304,Sert§es Cearenses,23018,SertÒo de CratÚus,3218.678,20,0.632,4041,1250,454,1866,4745.8,25573,12741,12832,17684,8158,23125,29,1624,150,255.0,658.94,1207.66
78,230565,23,CE,Nordeste,2304,Sert§es Cearenses,23018,SertÒo de CratÚus,702.135,8,0.579,1826,591,139,715,3502.04,11343,5658,5685,7126,3671,10065,.,794,111.67,230.0,531.68,731.75
79,230570,23,CE,Nordeste,2306,Centro-Sul Cearense,23028,Lavras da Mangabeira,273.826,5,0.606,1853,392,207,938,4176.75,12009,5996,6013,8145,3796,10583,.,1097,200,255.0,1364.15,1265.85
80,230580,23,CE,Nordeste,2301,Noroeste Cearense,23006,Ipu,629.315,17,0.618,7272,2023,623,3494,4630.83,40296,19956,20340,27064,14160,36507,103,2364,150,255.0,733.91,1256.38
81,230590,23,CE,Nordeste,2301,Noroeste Cearense,23006,Ipu,1477.406,13,0.573,7511,1760,551,2275,4095.5,37862,18533,19329,24357,13413,34550,8,2328,127.5,225.0,580.81,979.94
82,230600,23,CE,Nordeste,2305,Jaguaribe,23025,Serra do Pereiro,821.247,11,0.652,2013,608,285,1075,5285.35,13722,6763,6959,9424,4179,12769,5,750,202.75,255.0,844.17,1249.45
83,230610,23,CE,Nordeste,2301,Noroeste Cearense,23005,Sobral,1461.253,11,0.605,4429,1292,305,1640,3958.88,22324,11347,10977,14824,7731,18418,.,3339,85,166.67,688.9,1033.39
84,230620,23,CE,Nordeste,2305,Jaguaribe,23022,Litoral de Aracati,212.109,13,0.656,1009,348,59,579,4804.72,7316,3642,3674,5421,2099,5999,20,996,250.29,272.0,791.62,1072.62
85,230625,23,CE,Nordeste,2303,Metropolitana de Fortaleza,23016,Fortaleza,151.437,20,0.626,6389,1977,397,4194,5106.64,35817,18288,17529,27166,10948,26222,182,6377,78,230.4,669.18,1140.59
86,230630,23,CE,Nordeste,2302,Norte Cearense,23010,Uruburetama,439.507,35,0.623,9366,2874,599,5991,8737.13,48350,23990,24360,34308,16220,37885,22,8910,142.44,213.2,711.15,1102.8
87,230640,23,CE,Nordeste,2302,Norte Cearense,23008,Itapipoca,1614.159,42,0.64,22062,6068,1613,10646,5398.1,116065,58243,57822,81900,41821,93634,56,16586,111.82,255.0,648.52,1306.97
88,230650,23,CE,Nordeste,2302,Norte Cearense,23013,BaturitÚ,588.699,10,0.604,3101,872,258,1090,3656.65,18626,9461,9165,12013,6446,15944,.,2424,145,218.8,693.98,924.33
89,230655,23,CE,Nordeste,2301,Noroeste Cearense,23001,Litoral de Camocim e Acara·,720.664,14,0.606,7674,2410,462,3380,5515.3,37471,19351,18120,25438,14210,31529,61,3966,140,204.0,764.57,1107.29
90,230660,23,CE,Nordeste,2302,Norte Cearense,23012,CanindÚ,783.436,11,0.562,4577,1055,193,884,3933.36,18894,9589,9305,11628,7635,16811,.,1859,127.5,182.5,698.13,898.12
91,230670,23,CE,Nordeste,2305,Jaguaribe,23024,MÚdio Jaguaribe,1759.401,6,0.612,2906,783,318,1407,5071.66,17863,9071,8792,12037,6336,16097,211,1150,138.5,250.0,649.72,1108.03
92,230680,23,CE,Nordeste,2305,Jaguaribe,23024,MÚdio Jaguaribe,668.738,5,0.618,1736,491,166,975,5574.48,10399,5277,5122,7199,3300,9054,9,927,196.67,255.5,750.75,1187.97
93,230690,23,CE,Nordeste,2305,Jaguaribe,23024,MÚdio Jaguaribe,1876.806,11,0.621,5960,1387,768,3060,6503.05,34409,16829,17580,23950,10815,28822,141,3911,170,255.0,775.28,1136.51
94,230700,23,CE,Nordeste,2305,Jaguaribe,23023,Baixo Jaguaribe,867.562,34,0.624,4323,1432,552,3961,7384.47,32236,16076,16160,22169,9886,28820,68,2017,170,271.14,722.2,1126.44
95,230710,23,CE,Nordeste,2307,Sul Cearense,23032,Cariri,552.424,18,0.614,5083,1555,233,2409,3849.09,26688,13067,13621,18214,9448,25342,61,946,166.67,255.0,822.43,1242.98
96,230720,23,CE,Nordeste,2307,Sul Cearense,23033,Brejo Santo,361.072,11,0.651,1113,361,87,622,3926.72,7660,3830,3830,5251,2446,6297,3,1075,152.75,250.0,766.42,1038.13
97,230725,23,CE,Nordeste,2301,Noroeste Cearense,23001,Litoral de Camocim e Acara·,204.793,10,0.652,2765,980,508,2285,4648.83,17002,8520,8482,12247,5556,14308,73,1522,220,300.0,1172.8,1571.82
98,230730,23,CE,Nordeste,2307,Sul Cearense,23032,Cariri,248.832,94,0.694,40274,11673,5878,47241,7841.88,249939,118353,131586,191788,85957,218944,2284,20994,166.6,300.0,848.49,1627.33
99,230740,23,CE,Nordeste,2306,Centro-Sul Cearense,23027,Vßrzea Alegre,937.189,9,0.598,3725,1119,251,1778,4241.44,23807,11766,12041,15530,6983,21026,48,1855,170,212.67,725.49,875.72
100,230750,23,CE,Nordeste,2306,Centro-Sul Cearense,23028,Lavras da Mangabeira,947.968,13,0.613,4973,1159,421,2162,3890.22,31090,15568,15522,20901,9761,27929,56,2114,127.5,226.4,733.57,1158.38
101,230760,23,CE,Nordeste,2305,Jaguaribe,23023,Baixo Jaguaribe,751.072,48,0.682,8431,2378,1209,7097,7145.92,56264,27577,28687,42364,17133,48556,343,4995,250,363.33,965.53,1629.21
102,230763,23,CE,Nordeste,2304,Sert§es Cearenses,23019,SertÒo de Quixeramobim,1034.722,16,0.61,3272,863,316,1564,4257.52,18088,9083,9005,12497,6606,15551,5,2187,116.67,232.0,657.47,1059.42
103,230765,23,CE,Nordeste,2303,Metropolitana de Fortaleza,23016,Fortaleza,106.648,38,0.686,38088,12006,3671,57186,19548.87,209057,102078,106979,171762,66929,135120,1048,50850,230,300.0,950.12,1336.66
104,230770,23,CE,Nordeste,2303,Metropolitana de Fortaleza,23016,Fortaleza,590.873,39,0.659,14926,5304,1355,15177,6670.5,113561,56619,56942,88351,35179,87121,469,20078,170,262.5,863.58,1323.35
105,230780,23,CE,Nordeste,2301,Noroeste Cearense,23001,Litoral de Camocim e Acara·,574.138,9,0.612,5701,1528,420,2997,5527.44,24703,12599,12104,15739,8432,23335,.,1167,155.43,245.0,926.25,1234.51
106,230790,23,CE,Nordeste,2301,Noroeste Cearense,23001,Litoral de Camocim e Acara·,298.962,6,0.599,2260,617,115,1174,3491.37,10214,5100,5114,6861,3980,9409,5,641,56.33,170.0,450.39,1029.44
107,230800,23,CE,Nordeste,2301,Noroeste Cearense,23005,Sobral,566.581,15,0.616,7109,2147,502,2185,3823.18,35191,17444,17747,23787,13592,31435,16,2465,123.33,248.86,701.86,985.28
108,230810,23,CE,Nordeste,2307,Sul Cearense,23031,Barro,1049.488,21,0.605,7646,2448,556,4088,3991.94,44240,22091,22149,29537,16177,40697,20,2872,132.67,203.33,724.53,1059.76
109,230820,23,CE,Nordeste,2301,Noroeste Cearense,23004,Meruoca,149.845,7,0.618,2350,830,129,858,3614.95,13693,6874,6819,10414,4886,12599,.,791,198.75,246.67,1056.22,1035.24
110,230830,23,CE,Nordeste,2307,Sul Cearense,23033,Brejo Santo,606.444,31,0.628,4450,938,270,1904,4127.15,28316,13926,14390,18897,8624,26110,35,1822,188.6,255.0,797.68,1122.53
111,230835,23,CE,Nordeste,2304,Sert§es Cearenses,23021,SertÒo de Senador Pompeu,502.344,8,0.626,2103,551,182,1246,4285.53,13086,6528,6558,8893,3976,11959,.,955,138.33,300.0,669.86,1201.69
112,230837,23,CE,Nordeste,2301,Noroeste Cearense,23005,Sobral,699.964,8,0.592,2483,794,105,802,3546.05,12800,6607,6193,8113,4918,11445,6,1028,70.67,133.33,516.96,1001.95
113,230840,23,CE,Nordeste,2307,Sul Cearense,23032,Cariri,645.703,24,0.622,6146,1356,378,3187,4428.44,34274,16915,17359,22834,11119,31495,24,2278,162,240.0,817.26,1455.02
114,230850,23,CE,Nordeste,2304,Sert§es Cearenses,23021,SertÒo de Senador Pompeu,2119.48,13,0.582,7041,1446,880,2650,3735.29,42690,21249,21441,26467,12217,37723,24,3844,140.5,266.0,643.98,1163.76
115,230860,23,CE,Nordeste,2304,Sert§es Cearenses,23018,SertÒo de CratÚus,886.137,13,0.61,3040,823,237,1351,3882.17,16705,8295,8410,10903,6557,13275,10,1495,116.67,251.4,627.7,1005.27
116,230870,23,CE,Nordeste,2305,Jaguaribe,23023,Baixo Jaguaribe,2779.246,32,0.61,10243,2586,666,5430,6169.23,62065,31143,30922,42085,18672,50327,34,7527,156,255.0,678.73,1174.11
117,230880,23,CE,Nordeste,2301,Noroeste Cearense,23003,Corea·,415.633,5,0.581,1480,423,51,652,4057.05,8070,4070,4000,5151,2688,7577,.,419,92.29,202.5,510.51,872.14
118,230890,23,CE,Nordeste,2301,Noroeste Cearense,23001,Litoral de Camocim e Acara·,415.556,7,0.588,3606,1174,287,1351,3883.06,20700,10440,10260,13534,7096,18735,.,1719,109,200.0,644.98,1024.49
119,230900,23,CE,Nordeste,2301,Noroeste Cearense,23005,Sobral,190.602,9,0.607,2582,788,139,1176,3800.69,14102,6699,7403,9565,4739,12649,6,1152,116.67,244.17,593.35,1063.68
120,230910,23,CE,Nordeste,2302,Norte Cearense,23013,BaturitÚ,134.568,6,0.607,1615,459,114,804,4598.26,11485,5842,5643,8224,3850,10288,35,1015,178,197.33,876.01,1194.38
121,230920,23,CE,Nordeste,2307,Sul Cearense,23032,Cariri,284.401,7,0.625,2282,679,201,1608,4571.27,14256,7020,7236,10216,4909,12677,.,1167,127.5,205.5,684.18,1125.62
122,230930,23,CE,Nordeste,2304,Sert§es Cearenses,23018,SertÒo de CratÚus,742.765,16,0.614,5226,1563,820,2768,4743.49,30965,15024,15941,20661,10454,26409,69,2862,170,255.0,722.16,1132.67
123,230940,23,CE,Nordeste,2304,Sert§es Cearenses,23018,SertÒo de CratÚus,949.394,12,0.605,4363,1285,338,1595,3776.75,27453,13549,13904,17579,8790,23025,.,3329,96.67,200.0,655.5,1081.29
124,230945,23,CE,Nordeste,2302,Norte Cearense,23014,Chorozinho,765.412,15,0.594,4110,1397,237,1198,3531.66,24007,12317,11690,16085,7597,21438,10,2167,133.33,232.5,662.41,1015.55
125,230950,23,CE,Nordeste,2306,Centro-Sul Cearense,23026,Iguatu,576.27,14,0.636,3224,812,284,1398,4968.85,21389,10421,10968,14333,5892,18387,13,2230,206,255.0,758.45,1055.1
126,230960,23,CE,Nordeste,2303,Metropolitana de Fortaleza,23017,Pacajus,254.479,18,0.659,11357,2642,895,9081,8319.43,61838,30370,31468,46700,20111,44528,28,12643,200,304.0,837.72,1352.79
127,230970,23,CE,Nordeste,2303,Metropolitana de Fortaleza,23016,Fortaleza,131.994,15,0.675,9235,2333,555,7387,7680.07,72299,35599,36700,59467,24791,48406,405,18007,213.33,273.0,1014.01,1387.65
128,230980,23,CE,Nordeste,2302,Norte Cearense,23013,BaturitÚ,112.021,22,0.635,2117,504,167,903,4741.63,11607,5850,5757,8690,3810,10486,34,747,200,255.0,851.67,1430.31
129,230990,23,CE,Nordeste,2301,Noroeste Cearense,23005,Sobral,76.128,4,0.621,1106,350,86,759,4368.69,5986,2902,3084,4118,2075,5257,4,389,148.5,251.0,730.33,998.41
130,231000,23,CE,Nordeste,2305,Jaguaribe,23023,Baixo Jaguaribe,440.381,11,0.638,1190,351,145,846,5287.0,8866,4470,4396,6021,2399,8103,5,640,196.75,272.5,746.54,1177.96
131,231010,23,CE,Nordeste,2302,Norte Cearense,23013,BaturitÚ,117.814,10,0.622,1675,478,98,857,3632.84,12005,6002,6003,8640,3488,10825,6,993,170,255.0,758.59,1939.57
132,231020,23,CE,Nordeste,2302,Norte Cearense,23009,Baixo Curu,300.286,19,0.637,6044,2077,701,4469,6211.07,31636,15852,15784,23461,10224,24967,30,5076,185,255.0,808.68,1382.55
133,231025,23,CE,Nordeste,2302,Norte Cearense,23009,Baixo Curu,300.922,13,0.634,5213,1845,522,3297,5823.73,30041,15291,14750,22317,10139,22441,17,6161,196.67,244.0,924.86,1219.21
134,231030,23,CE,Nordeste,2304,Sert§es Cearenses,23020,SertÒo de Inhamuns,2303.54,21,0.57,5560,1632,324,1000,3884.11,31309,15262,16047,19377,9782,24617,.,5479,127.5,210.0,627.44,909.78
135,231040,23,CE,Nordeste,2302,Norte Cearense,23012,CanindÚ,482.592,13,0.583,2372,553,168,960,4392.67,11308,5814,5494,7487,4475,10427,6,796,128,250.0,563.42,925.92
136,231050,23,CE,Nordeste,2304,Sert§es Cearenses,23021,SertÒo de Senador Pompeu,1303.287,17,0.603,7233,2251,461,2769,3730.51,41890,20697,21193,26322,13030,37885,22,3007,129,226.4,656.22,939.83
137,231060,23,CE,Nordeste,2307,Sul Cearense,23033,Brejo Santo,141.927,11,0.646,1445,484,93,838,5349.36,8226,4044,4182,5740,2800,6788,.,960,200,250.0,824.3,1022.54
138,231070,23,CE,Nordeste,2302,Norte Cearense,23011,MÚdio Curu,1378.311,26,0.629,6086,1968,540,3329,5168.35,35400,17899,17501,24490,11383,30324,77,4275,96.67,226.4,645.18,1185.94
139,231080,23,CE,Nordeste,2305,Jaguaribe,23025,Serra do Pereiro,433.514,6,0.601,3078,767,179,1085,3961.37,15757,7762,7995,10500,5731,14946,65,529,150,207.33,651.77,1002.91
140,231085,23,CE,Nordeste,2302,Norte Cearense,23015,Cascavel,72.964,16,0.636,3328,1073,277,1709,4827.83,18683,9340,9343,13665,5546,15361,.,2479,200,287.5,834.86,1204.74
141,231090,23,CE,Nordeste,2304,Sert§es Cearenses,23021,SertÒo de Senador Pompeu,587.877,6,0.6,2226,492,239,710,3953.33,15467,7790,7677,10888,3944,13867,37,1070,115.6,255.0,659.18,887.86
142,231095,23,CE,Nordeste,2301,Noroeste Cearense,23006,Ipu,243.099,3,0.591,1704,474,43,543,3747.92,10216,5139,5077,6991,3777,9327,.,542,150,170.0,727.31,702.76
143,231100,23,CE,Nordeste,2301,Noroeste Cearense,23006,Ipu,1309.259,5,0.581,2360,543,139,792,3522.25,12001,5974,6027,7549,4548,9567,29,2084,116.67,180.0,579.05,877.66
144,231110,23,CE,Nordeste,2307,Sul Cearense,23032,Cariri,217.58,16,0.622,2591,556,202,1452,3942.83,15061,7366,7695,10087,5407,14021,.,875,154.6,253.0,697.58,960.94
145,231120,23,CE,Nordeste,2307,Sul Cearense,23029,Chapada do Araripe,338.727,8,0.562,1931,285,132,824,3923.3,10276,4987,5289,6256,3582,9177,4,516,103,190.0,532.85,1017.7
146,231123,23,CE,Nordeste,2305,Jaguaribe,23025,Serra do Pereiro,410.338,7,0.604,1068,208,105,555,4620.47,6126,3159,2967,3991,2196,5513,.,395,146.67,264.0,664.87,1118.74
147,231126,23,CE,Nordeste,2304,Sert§es Cearenses,23018,SertÒo de CratÚus,1040.989,15,0.594,3189,905,266,1308,3592.87,19921,9852,10069,12649,7128,17136,12,2268,113,264.4,563.54,1122.04
148,231130,23,CE,Nordeste,2304,Sert§es Cearenses,23019,SertÒo de Quixeramobim,2019.833,32,0.659,12841,4473,1387,8929,6684.18,80604,39769,40835,56656,25889,67196,401,9091,127.5,274.0,680.17,1356.01
149,231135,23,CE,Nordeste,2306,Centro-Sul Cearense,23026,Iguatu,559.561,9,0.591,2450,696,157,1226,4447.17,15000,7549,7451,9284,4418,12939,.,996,170,266.25,701.61,964.44
150,231140,23,CE,Nordeste,2304,Sert§es Cearenses,23019,SertÒo de Quixeramobim,3275.625,35,0.642,12812,3457,1074,5364,5636.26,71887,35729,36158,50878,23301,59790,103,8601,145.71,275.0,718.18,1388.81
151,231150,23,CE,Nordeste,2305,Jaguaribe,23023,Baixo Jaguaribe,612.619,13,0.622,3097,983,301,2596,39997.39,19412,9706,9706,13365,5626,17246,37,1560,200,255.0,797.82,919.67
152,231160,23,CE,Nordeste,2302,Norte Cearense,23013,BaturitÚ,225.306,29,0.626,4721,1650,331,2290,4568.47,26415,13122,13293,18587,8448,21203,56,4236,180,255.0,819.36,1124.57
153,231170,23,CE,Nordeste,2301,Noroeste Cearense,23006,Ipu,383.319,7,0.601,3312,961,202,1456,4404.16,19455,9681,9774,13172,6730,17919,5,895,126,223.33,615.73,1164.41
154,231180,23,CE,Nordeste,2305,Jaguaribe,23023,Baixo Jaguaribe,1590.214,66,0.674,11076,2913,1344,12913,7950.07,69833,34405,35428,52741,20551,58215,153,8090,237.5,340.0,931.75,1473.38
155,231190,23,CE,Nordeste,2304,Sert§es Cearenses,23020,SertÒo de Inhamuns,1383.484,10,0.575,2834,707,122,1242,3554.56,15752,7762,7990,10072,5301,13257,19,1909,107.33,234.0,552,988.48
156,231195,23,CE,Nordeste,2307,Sul Cearense,23029,Chapada do Araripe,804.356,11,0.54,3805,539,142,1551,4139.59,15453,7770,7683,8806,5849,13933,.,1235,111.67,206.25,601.27,860.4
157,231200,23,CE,Nordeste,2301,Noroeste Cearense,23005,Sobral,969.326,13,0.587,6181,1164,344,1839,4094.72,29946,15171,14775,19656,10527,27482,12,1793,47.38,172.4,538.74,1352.01
158,231210,23,CE,Nordeste,2307,Sul Cearense,23032,Cariri,855.563,7,0.612,3326,899,107,1247,4282.34,17170,8640,8530,11417,6411,15943,18,827,107.33,203.0,690.6,943.99
159,231220,23,CE,Nordeste,2301,Noroeste Cearense,23007,Santa QuitÚria,4260.479,21,0.616,7966,1993,898,3986,5197.06,42763,21441,21322,29170,14388,39629,23,2190,93.57,255.0,568.33,1119.31
160,231230,23,CE,Nordeste,2301,Noroeste Cearense,23002,Ibiapaba,338.245,18,0.611,8830,2363,770,3883,5368.16,44178,21829,22349,30476,15812,40429,.,2459,156.67,236.0,717.51,1158.58
161,231240,23,CE,Nordeste,2302,Norte Cearense,23009,Baixo Curu,834.448,22,0.665,7827,3183,557,8892,25430.88,43890,22348,21542,32519,15544,33889,26,7116,193,255.0,1034.23,1220.85
162,231250,23,CE,Nordeste,2305,Jaguaribe,23023,Baixo Jaguaribe,280.456,12,0.654,955,343,98,603,5308.22,7900,3852,4048,5659,1955,6376,39,841,217,362.67,910.46,1541.42
163,231260,23,CE,Nordeste,2302,Norte Cearense,23011,MÚdio Curu,122.42,12,0.62,2181,524,197,1001,4698.16,12332,6142,6190,8761,3660,10204,11,1636,139.67,255.0,649.8,1062.45
164,231270,23,CE,Nordeste,2304,Sert§es Cearenses,23021,SertÒo de Senador Pompeu,1002.131,19,0.619,4283,1058,478,3170,5046.47,26469,13019,13450,18225,7668,23438,35,2141,170,296.67,710.92,1113.63
165,231280,23,CE,Nordeste,2301,Noroeste Cearense,23005,Sobral,423.919,4,0.603,1314,400,89,823,4050.29,6852,3431,3421,4328,2573,6332,3,350,85.71,204.0,547.74,893.51
166,231290,23,CE,Nordeste,2301,Noroeste Cearense,23005,Sobral,2122.897,69,0.714,32348,12584,3399,44971,12472.49,188233,91462,96771,147973,68156,152731,801,23124,158.57,310.0,729.33,1803.2
167,231300,23,CE,Nordeste,2304,Sert§es Cearenses,23021,SertÒo de Senador Pompeu,1536.165,9,0.625,2472,625,294,1307,5317.44,17665,8838,8827,12279,5041,15827,.,1451,146.75,280.0,634.75,1144.77
168,231310,23,CE,Nordeste,2305,Jaguaribe,23023,Baixo Jaguaribe,861.828,15,0.645,4397,1227,631,2887,5835.82,29204,14214,14990,21335,9976,22973,49,3941,172.5,350.0,739.2,1503.29
169,231320,23,CE,Nordeste,2304,Sert§es Cearenses,23018,SertÒo de CratÚus,1961.31,16,0.58,4674,1275,305,1491,4054.25,25451,12631,12820,16109,8877,23140,37,1404,124.4,236.67,584.62,945.46
170,231325,23,CE,Nordeste,2306,Centro-Sul Cearense,23027,Vßrzea Alegre,454.391,3,0.576,1460,283,56,502,3408.1,8910,4452,4458,5624,3001,8048,.,663,150,230.0,701.55,984.19
171,231330,23,CE,Nordeste,2304,Sert§es Cearenses,23020,SertÒo de Inhamuns,4018.162,36,0.633,9665,2461,1282,4651,4964.24,55716,27357,28359,38051,19330,44495,94,7758,146.67,255.0,732.15,1302.06
172,231335,23,CE,Nordeste,2302,Norte Cearense,23011,MÚdio Curu,750.625,17,0.584,3278,652,89,1247,3211.58,16827,8608,8219,11386,6092,15409,.,1259,131,220.67,687.22,982.09
173,231340,23,CE,Nordeste,2301,Noroeste Cearense,23002,Ibiapaba,908.888,31,0.657,12825,3452,1527,7001,6548.68,68892,34175,34717,48399,25995,58951,80,7608,155.5,257.5,766.85,1824.51
174,231350,23,CE,Nordeste,2302,Norte Cearense,23008,Itapipoca,925.722,16,0.606,8663,3431,476,3314,4631.16,51422,26437,24985,36322,18022,42162,47,7773,124.4,226.67,638.93,1150.76
175,231355,23,CE,Nordeste,2302,Norte Cearense,23010,Uruburetama,202.276,7,0.606,2812,992,115,1168,3634.2,14408,7473,6935,9677,4953,12222,9,1871,109,254.0,631.54,935.5
176,231360,23,CE,Nordeste,2301,Noroeste Cearense,23002,Ibiapaba,421.033,19,0.648,5819,1621,467,3599,6147.11,31787,15760,16027,22163,10947,27907,131,2836,186.67,261.67,904.36,1460.66
177,231370,23,CE,Nordeste,2306,Centro-Sul Cearense,23028,Lavras da Mangabeira,263.93,4,0.591,1278,247,61,549,3875.98,7545,3772,3773,4724,2357,6806,.,610,155.5,200.0,676.76,898.83
178,231375,23,CE,Nordeste,2302,Norte Cearense,23010,Uruburetama,316.818,8,0.587,3208,816,119,1006,3796.96,18802,9641,9161,12436,6613,15320,.,2894,124.4,170.0,679.88,867.64
179,231380,23,CE,Nordeste,2302,Norte Cearense,23010,Uruburetama,97.072,17,0.639,3958,1246,228,3189,7107.47,19765,9925,9840,14022,6299,16693,8,2749,133.33,212.5,684.62,1166.14
180,231390,23,CE,Nordeste,2301,Noroeste Cearense,23003,Corea·,696.754,6,0.566,2326,604,156,1061,3788.32,12883,6498,6385,7872,4379,11529,4,1134,90,175.5,539.73,776.81
181,231395,23,CE,Nordeste,2301,Noroeste Cearense,23006,Ipu,179.397,7,0.611,3455,790,391,2041,5577.49,17593,8705,8888,12219,6343,14745,6,2032,125,240.0,710.25,1112.14
182,231400,23,CE,Nordeste,2306,Centro-Sul Cearense,23027,Vßrzea Alegre,835.709,17,0.629,5756,1752,543,3085,4213.55,38434,18660,19774,26187,11956,34637,28,2787,160,259.5,767.6,1040.64
183,231410,23,CE,Nordeste,2301,Noroeste Cearense,23002,Ibiapaba,1311.628,19,0.571,11758,2928,840,3044,3906.99,54955,27663,27292,35742,19485,49465,254,4024,105.5,221.13,695.74,1155.24
